<?xml version="1.0" encoding="UTF-8"?>
<!DOCTYPE tiles-definitions PUBLIC
  "-//Apache Software Foundation//DTD Tiles Configuration 3.0//EN" 
  "http://tiles.apache.org/dtds/tiles-config_3_0.dtd">
<tiles-definitions>
    <definition name="common" template="/WEB-INF/jsp/template/layout.jsp">
        <put-attribute name="titulo" value="Atividades IF" />
        <put-attribute name="cabecalho" value="/WEB-INF/jsp/template/cabecalho.jsp" />
        <put-attribute name="navbar" value="/WEB-INF/jsp/template/navbar.jsp" />
        <put-attribute name="footer" value="/WEB-INF/jsp/template/footer.jsp" />
    </definition>
  
    <definition name="index" extends="common">
        <put-attribute name="body" value="/WEB-INF/jsp/index.jsp" />
    </definition>
    
    <!-- Paginas-->
    <definition name="cadastroTipoAtividade" extends="common">
        <put-attribute name="body" value="/WEB-INF/jsp/tipoAtividade/cadastroTipoAtividade.jsp" />
    </definition>
    <definition name="listarTipoAtividade" extends="common">
        <put-attribute name="body" value="/WEB-INF/jsp/tipoAtividade/listarTipoAtividade.jsp" />
    </definition>
    <definition name="fazerInscricao" extends="common">
        <put-attribute name="body" value="/WEB-INF/jsp/inscricao/fazerInscricao.jsp" />
    </definition>
     <definition name="cadastrarEvento" extends="common">
        <put-attribute name="body" value="/WEB-INF/jsp/evento/cadastrarEvento.jsp" />
    </definition>
</tiles-definitions>